Name,weapon,Battle Scarred(₹),Factory New(₹),StatTrak Battle Scarred(₹),StatTrak Factory New(₹)
Victoria,CZ75-Auto,142.33,284.37,646.02,3245.53
Xiangliu,CZ75-Auto,131.00,279.44,243.13,764.25
Yellow Jacket,CZ75-Auto,89.17,275.37,170.80,885.67
The Fuschia Is Now,CZ75-Auto,279.73,611.75,305.29,987.63
Eco,CZ75-Auto,10.74,83.65,23.81,300.93
Tacticat,CZ75-Auto,10.45,41.24,22.36,115.32
Red Astor,CZ75-Auto,10.74,54.61,25.85,180.67
Pole Position,CZ75-Auto,10.74,36.01,20.91,110.38
Tigris,CZ75-Auto,10.74,42.11,29.91,137.39
Tread Plate,CZ75-Auto,58.09,96.72,198.10,215.82
Printstream,Desert+Eagle,3198.76,11432.13,5771.54,36694.30
Code Red,Desert+Eagle,539.13,2330.52,1366.12,6826.57
Golden Koi,Desert+Eagle,855.46,954.22,4290.68,NA
Mecha Industries,Desert+Eagle,115.32,315.17,329.98,1000.99
Kumicho Dragon,Desert+Eagle,274.50,775.29,944.06,2734.57
Conspiracy,Desert+Eagle,109.22,190.84,349.44,660.55
Cobalt Disruption,Desert+Eagle,706.73,987.63,1496.84,2671.54
Hypnotic,Desert+Eagle,1307.16,1540.70,2146.06,2904.21
Light Rail,Desert+Eagle,28.17,115.90,109.22,470.28
Directive,Desert+Eagle,11.32,204.78,59.25,1093.65
Naga,Desert+Eagle,31.95,151.34,102.24,528.38
Crimson Web,Desert+Eagle,131.00,2636.68,377.62,15901.74
Heirloom,Desert+Eagle,57.80,273.92,267.53,1211.59
Emerald Jörmungandr,Desert+Eagle,1775.70,2159.13,NA,NA
Sunset Storm 弐,Desert+Eagle,1570.91,2732.54,NA,NA
Sunset Storm 壱,Desert+Eagle,1705.40,2672.41,NA,NA
Hand Cannon,Desert+Eagle,4818.48,11552.38,4473.68,9838.26
Pilot,Desert+Eagle,1136.64,3907.53,NA,NA
Blaze,Desert+Eagle,11440.26,13352.20,NA,NA
Blue Ply,Desert+Eagle,6.10,49.38,43.57,288.73
Oxide Blaze,Desert+Eagle,5.80,13.94,38.05,74.36
Corinthian,Desert+Eagle,20.91,40.08,102.53,183.58
Bronze Deco,Desert+Eagle,5.80,20.62,38.34,87.14
Meteorite,Desert+Eagle,18.00,27.30,NA,NA
Urban Rubble,Desert+Eagle,6.68,15.39,187.94,436.59
Night,Desert+Eagle,43.57,949.57,NA,NA
Midnight Storm,Desert+Eagle,116.77,319.52,NA,NA
Urban DDPAT,Desert+Eagle,13.65,361.93,80.75,1005.93
Mudder,Desert+Eagle,1.47,27.59,696.86,2338.36
Cobra Strike,Dual+Berettas,304.42,618.72,645.44,1684.78
Twin Turbo,Dual+Berettas,103.99,375.30,645.44,3912.18
Royal Consorts,Dual+Berettas,10.45,61.87,18.88,167.60
Urban Shock,Dual+Berettas,30.50,54.61,74.65,151.34
Marina,Dual+Berettas,77.55,247.19,125.19,1070.12
Hemoglobin,Dual+Berettas,102.24,122.29,241.38,324.17
Duelist,Dual+Berettas,667.23,1060.25,NA,NA
Cobalt Quartz,Dual+Berettas,6.68,11.61,3491.27,25006.26
Demolition,Dual+Berettas,58.67,87.14,65.93,131.29
Balance,Dual+Berettas,5.80,29.04,12.20,105.15
Elite 1.6,Dual+Berettas,2.05,6.10,5.51,23.52
Shred,Dual+Berettas,2.92,7.26,8.71,27.30
Ventilators,Dual+Berettas,2.34,7.26,8.13,26.72
Cartel,Dual+Berettas,2.92,23.52,7.84,84.23
Dualing Dragons,Dual+Berettas,2.92,47.92,13.94,188.23
Retribution,Dual+Berettas,48.21,78.42,38.63,90.33
Panther,Dual+Berettas,8.13,29.91,23.81,131.29
Black Limba,Dual+Berettas,74.36,217.86,95.85,901.06
Emerald,Dual+Berettas,155.69,162.95,NA,NA
Anodized Navy,Dual+Berettas,11.61,51.41,81.33,119.38
Pyre,Dual+Berettas,66.81,87.14,NA,NA
Stained,Dual+Berettas,1.47,5.51,189.68,645.44
Moon in Libra,Dual+Berettas,21.20,28.75,NA,NA
Briar,Dual+Berettas,17.42,36.01,24.98,38.34
Contractor,Dual+Berettas,0.60,2.92,37.76,1049.21
Colony,Dual+Berettas,0.60,3.21,5.80,126.93
Angry Mob,Five-SeveN,94.69,406.38,282.63,1615.06
Hyper Beast,Five-SeveN,374.42,2840.89,1030.62,14172.22
Monkey Business,Five-SeveN,54.90,265.49,116.19,835.42
Fowl Play,Five-SeveN,53.73,195.78,100.79,579.79
Buddy,Five-SeveN,11.32,34.56,25.85,109.22
Triumvirate,Five-SeveN,20.33,54.31,65.06,196.36
Retrobution,Five-SeveN,25.56,143.78,53.44,362.51
Copper Galaxy,Five-SeveN,62.45,97.31,246.32,291.06
Case Hardened,Five-SeveN,133.62,394.18,285.54,1116.31
Neon Kimono,Five-SeveN,2232.62,143357.40,NA,NA
Flame Test,Five-SeveN,2.05,6.68,5.22,21.49
Capillary,Five-SeveN,2.05,6.97,6.97,30.79
Scumbria,Five-SeveN,2.05,6.97,4.93,34.85
Violent Daimyo,Five-SeveN,3.21,15.10,12.20,71.74
Urban Hazard,Five-SeveN,13.36,17.13,36.01,63.90
Nightshade,Five-SeveN,15.68,37.47,56.93,72.32
Kami,Five-SeveN,15.97,32.53,28.17,70.00
Crimson Blossom,Five-SeveN,216.40,254.46,NA,NA
Nitro,Five-SeveN,87.43,221.05,NA,NA
Silver Quartz,Five-SeveN,6.68,17.13,516.18,3602.82
Hot Shot,Five-SeveN,10.16,51.99,13.36,274.79
Orange Peel,Five-SeveN,1.47,13.65,15.68,536.22
Candy Apple,Five-SeveN,1344.63,1570.91,NA,NA
Coolant,Five-SeveN,0.60,1.76,8.42,48.80
Contractor,Five-SeveN,10.45,87.72,5.80,174.86
Forest Night,Five-SeveN,0.60,3.21,7.26,201.30
Anodized Gunmetal,Five-SeveN,68.26,75.23,NA,NA
Jungle,Five-SeveN,17.42,365.42,NA,NA
Bullet Queen,Glock-18,461.28,3305.08,1277.53,10160.99
Wasteland Rebel,Glock-18,179.51,282.34,635.86,1177.31
Vogue,Glock-18,326.49,938.83,826.70,3165.94
Water Elemental,Glock-18,125.19,295.70,313.13,1086.10
Twilight Galaxy,Glock-18,784.87,1170.63,NA,NA
Moonrise,Glock-18,11.03,42.41,37.76,168.76
Weasel,Glock-18,11.32,87.72,50.25,325.62
Royal Legion,Glock-18,20.62,130.13,83.36,760.76
Grinder,Glock-18,33.98,42.11,135.94,216.98
Steel Disruption,Glock-18,50.83,74.36,128.68,176.32
Dragon Tattoo,Glock-18,1161.62,1556.97,2004.31,2288.11
Synth Leaf,Glock-18,859.53,1561.91,NA,NA
Nuclear Garden,Glock-18,126.93,422.35,825.25,8735.60
Fade,Glock-18,27490.15,30626.75,NA,NA
Brass,Glock-18,112.70,665.48,NA,NA
Sacrifice,Glock-18,3.21,44.15,24.40,210.30
Oxide Blaze,Glock-18,2.05,10.16,11.61,69.13
Warhawk,Glock-18,3.21,28.17,15.68,135.94
Off World,Glock-18,2.63,17.13,15.10,115.03
Ironwork,Glock-18,2.63,15.68,14.23,98.76
Wraiths,Glock-18,2.92,18.30,18.00,122.58
Bunsen Burner,Glock-18,5.51,21.49,23.52,124.90
Catacombs,Glock-18,4.64,9.29,20.62,57.22
Blue Fissure,Glock-18,12.20,255.04,81.04,2295.66
Reactor,Glock-18,78.42,232.67,189.68,2902.76
Candy Apple,Glock-18,11.03,21.78,3729.76,11165.47
High Beam,Glock-18,9.00,16.55,165.57,299.77
Night,Glock-18,14.23,479.00,38.05,1433.22
Death Rattle,Glock-18,1.76,2.34,NA,NA
Groundwater,Glock-18,65.93,687.27,63.90,1434.39
Sand Dune,Glock-18,51.41,984.43,NA,NA
Fire Elemental,P2000,195.78,411.31,819.44,3300.43
Imperial Dragon,P2000,61.29,175.74,129.55,609.13
Corticera,P2000,102.53,214.08,255.33,1297.28
Ocean Foam,P2000,2346.20,2356.08,10323.36,11952.96
Acid Etched,P2000,13.36,70.00,33.40,219.31
Obsidian,P2000,12.49,86.85,27.59,221.34
Woodsman,P2000,63.90,125.48,134.49,537.96
Handgun,P2000,11.03,88.30,29.33,299.77
Amber Fade,P2000,65.64,201.30,162.08,544.35
Scorpion,P2000,70.87,267.24,NA,NA
Gnarled,P2000,4.06,23.23,10.45,84.82
Urban Hazard,P2000,2.05,6.97,5.22,26.72
Turf,P2000,3.21,12.49,6.68,57.80
Oceanic,P2000,2.34,7.84,6.97,30.50
Imperial,P2000,8.42,14.23,27.01,53.44
Ivory,P2000,2.05,7.84,5.22,37.76
Pulse,P2000,7.55,13.65,11.61,41.24
Red FragCam,P2000,9.00,20.04,23.81,67.39
Chainmail,P2000,929.53,1129.96,137.39,190.26
Silver,P2000,81.91,206.24,NA,NA
Pathfinder,P2000,97.89,132.16,NA,NA
Coach Class,P2000,67.39,157.73,NA,NA
Grassland,P2000,11.90,101.66,6.97,142.33
Granite Marbleized,P2000,1.47,6.68,187.65,638.18
Grassland Leaves,P2000,75.23,1968.58,NA,NA
See Ya Later,P250,100.79,398.82,276.53,1608.38
Asiimov,P250,81.62,589.09,214.66,2288.40
Muertos,P250,87.72,193.75,240.51,608.84
Cartel,P250,78.72,295.99,257.94,1367.28
Undertow,P250,397.66,632.66,391.85,1214.78
Mehndi,P250,176.32,415.96,446.17,3073.56
Franklin,P250,28.17,65.35,NA,NA
Inferno,P250,10.74,34.85,30.79,105.15
X-Ray,P250,10.45,16.84,51.99,102.24
Nevermore,P250,14.81,34.56,36.89,105.44
Red Rock,P250,58.09,136.81,108.05,522.57
Wingshot,P250,28.75,109.51,70.58,378.20
Supernova,P250,15.68,34.85,45.31,94.40
Splash,P250,200.43,689.59,512.40,1809.69
Vino Primo,P250,134.20,456.34,242.55,3361.14
Nuclear Threat,P250,217.86,6830.05,959.74,3800.64
Cassette,P250,4.35,24.40,17.42,135.07
Verdigris,P250,4.06,10.74,8.71,38.92
Ripple,P250,2.05,6.10,8.13,21.78
Iron Clad,P250,2.63,12.20,7.84,51.70
Valence,P250,4.06,20.04,14.81,84.23
Steel Disruption,P250,18.88,23.52,55.19,77.84
Hive,P250,35.43,50.25,65.35,111.83
Exchanger,P250,7.55,18.88,25.85,98.76
Whiteout,P250,92.66,2372.35,NA,NA
Modern Hunter,P250,135.36,7581.23,NA,NA
Dark Filigree,P250,18.00,24.10,NA,NA
Crimson Kimono,P250,113.57,157.14,NA,NA
Contamination,P250,10.74,30.50,17.13,184.45
Metallic DDPAT,P250,4.35,4.64,72.03,116.77
Facets,P250,34.27,1161.33,NA,NA
Gunsmoke,P250,11.61,337.24,25.85,1215.07
Facility Draft,P250,0.60,1.47,8.71,24.69
Mint Kimono,P250,17.13,38.34,NA,NA
Boreal Forest,P250,0.60,4.06,108.93,262.59
Sand Dune,P250,0.60,8.13,8.42,446.75
Bone Mask,P250,10.45,62.74,7.55,112.41
Fade,R8+Revolver,138.26,364.55,535.06,1941.85
Skull Crusher,R8+Revolver,54.61,62.45,96.14,140.59
Llama Cannon,R8+Revolver,70.29,263.17,126.06,885.96
Amber Fade,R8+Revolver,26.72,52.57,411.61,2990.78
Reboot,R8+Revolver,14.52,87.72,34.56,372.68
Bone Forged,R8+Revolver,2.05,7.84,5.51,27.30
Memento,R8+Revolver,5.80,15.39,11.32,61.87
Survivalist,R8+Revolver,2.63,6.97,7.26,28.75
Grip,R8+Revolver,2.05,8.71,5.22,35.14
Crimson Web,R8+Revolver,2.63,115.03,9.00,970.49
Nitro,R8+Revolver,4.64,22.65,9.00,297.45
Canal Spray,R8+Revolver,3.21,28.46,NA,NA
Bone Mask,R8+Revolver,0.60,2.92,Price,NA
Decimator,Tec-9,117.35,580.37,322.72,2366.54
Fuel Injector,Tec-9,54.02,276.53,106.89,762.80
Remote Control,Tec-9,55.77,262.88,724.74,11952.67
Brother,Tec-9,34.27,109.51,74.36,394.18
Bamboozle,Tec-9,10.16,37.18,20.62,95.27
Re-Entry,Tec-9,11.61,37.18,34.56,142.33
Avalanche,Tec-9,27.59,133.91,58.67,426.71
Titanium Bit,Tec-9,64.19,97.02,180.96,231.80
Red Quartz,Tec-9,5.80,11.03,128.39,361.35
Nuclear Threat,Tec-9,262.59,11388.84,871.14,9731.66
Flash Out,Tec-9,2.05,6.10,5.22,27.59
Fubar,Tec-9,2.05,20.04,5.22,68.55
Snek-9,Tec-9,2.63,10.45,6.10,58.09
Cracked Opal,Tec-9,2.05,8.71,4.93,40.08
Cut Out,Tec-9,18.59,50.83,47.34,135.65
Ice Cap,Tec-9,2.92,11.03,11.03,39.21
Jambiya,Tec-9,2.92,20.04,7.55,85.69
Isaac,Tec-9,12.20,132.16,21.78,428.16
Sandstorm,Tec-9,2.92,24.40,8.13,61.00
Neo-Noir,USP-S,435.72,1822.76,1213.91,5862.75
Kill Confirmed,USP-S,1273.46,5026.17,3743.70,19772.97
Cortex,USP-S,110.38,477.83,256.49,1664.15
Caiman,USP-S,245.45,586.76,498.17,1366.12
Orion,USP-S,502.23,1640.92,1507.88,3570.28
Serum,USP-S,525.18,835.42,946.09,1535.18
Flashback,USP-S,28.46,42.70,85.40,142.91
Cyrex,USP-S,48.21,114.73,122.58,414.80
Guardian,USP-S,37.76,78.42,105.15,248.06
Overgrowth,USP-S,352.93,1946.50,807.53,9697.96
Dark Water,USP-S,967.29,976.01,1401.85,1764.66
Road Rash,USP-S,485.68,1144.49,682.04,8202.57
Blueprint,USP-S,82.20,553.07,200.43,2764.20
Lead Conduit,USP-S,21.20,81.62,78.42,359.90
Torque,USP-S,34.56,57.80,85.98,162.08
Blood Tiger,USP-S,34.85,70.58,92.66,232.96
Stainless,USP-S,80.17,451.40,318.65,1916.00
Check Engine,USP-S,41.53,79.30,208.85,740.72
Business Class,USP-S,368.32,805.21,NA,NA
Night Ops,USP-S,10.16,25.85,1161.62,NA
Pathfinder,USP-S,69.13,72.62,NA,NA
Para Green,USP-S,38.63,157.14,NA,NA
Royal Blue,USP-S,110.09,900.19,228.02,10940.05
Forest Leaves,USP-S,2.05,29.91,490.91,4557.63
Legion of Anubis,AK-47,830.48,3948.49,2312.51,12222.23
Asiimov,AK-47,748.56,4568.96,1578.17,20543.32
Neon Rider,AK-47,664.90,2914.09,1528.50,10017.20
The Empress,AK-47,899.90,3255.99,2078.67,9732.53
Bloodsport,AK-47,1340.85,1877.95,3195.28,5246.35
Neon Revolution,AK-47,589.09,1503.23,1272.88,4822.25
Fuel Injector,AK-47,1159.59,5907.49,2730.51,29048.00
Aquamarine Revenge,AK-47,519.66,1778.60,1222.63,5203.07
Wasteland Rebel,AK-47,711.67,4994.51,2178.60,4097.51
Jaguar,AK-47,498.17,1983.39,1551.45,7009.57
Vulcan,AK-47,785.45,7553.64,2122.53,21503.65
Fire Serpent,AK-47,9665.72,51197.39,24690.80,58066.95
Wild Lotus,AK-47,24690.21,72590.95,NA,NA
Phantom Disruptor,AK-47,274.79,623.07,629.47,1991.82
Point Disarray,AK-47,425.26,1177.89,833.96,4256.69
Frontside Misty,AK-47,375.88,1386.75,717.19,4109.42
Cartel,AK-47,182.13,376.75,588.22,1214.78
Redline,AK-47,233.83,1680.71,565.27,5481.06
Red Laminate,AK-47,472.32,6491.35,1775.70,40569.60
Case Hardened,AK-47,1760.30,4342.67,4340.35,13318.79
Hydroponic,AK-47,6020.19,26143.20,NA,NA
Jet Set,AK-47,2275.03,25122.74,NA,NA
Rat Rod,AK-47,115.32,300.64,267.24,806.37
Orbit Mk01,AK-47,301.51,442.11,765.41,1373.67
Blue Laminate,AK-47,190.55,338.40,554.81,842.10
Safety Net,AK-47,235.57,419.74,713.99,2202.70
First Class,AK-47,851.10,1963.35,NA,NA
Emerald Pinstripe,AK-47,60.12,243.13,NA,NA
Uncharted,AK-47,13.36,44.15,81.91,187.65
Elite Build,AK-47,36.89,193.75,126.06,721.84
Black Laminate,AK-47,573.40,3365.79,608.84,10738.75
Baroque Purple,AK-47,42.41,230.93,NA,NA
Safari Mesh,AK-47,5.51,108.93,200.72,4906.49
Jungle Spray,AK-47,83.36,2489.70,NA,NA
Predator,AK-47,221.05,770.35,NA,NA
Chameleon,AUG,126.06,185.90,282.34,754.95
Akihabara Accept,AUG,6202.32,46081.45,NA,NA
Death by Puppy,AUG,101.08,241.09,228.89,678.56
Momentum,AUG,53.44,612.62,108.05,2759.56
Stymphalian,AUG,55.19,197.52,107.47,556.85
Syd Mead,AUG,54.02,196.36,104.57,750.60
Fleet Flock,AUG,54.61,370.94,104.57,1329.52
Bengal Tiger,AUG,103.41,1280.14,260.85,4513.76
Arctic Wolf,AUG,14.52,130.13,67.39,449.66
Aristocrat,AUG,15.68,50.25,47.63,190.26
Torque,AUG,53.44,87.72,115.32,219.31
Flame Jörmungandr,AUG,1747.23,2318.61,NA,NA
Midnight Lily,AUG,930.69,1304.25,NA,NA
Random Access,AUG,21.49,67.97,215.82,1306.86
Tom Cat,AUG,2.05,15.68,9.87,74.07
Amber Slipstream,AUG,2.92,7.84,8.42,32.53
Triqua,AUG,2.05,17.13,8.13,83.36
Ricochet,AUG,3.21,36.89,17.13,135.94
Wings,AUG,206.24,215.53,188.23,217.86
Anodized Navy,AUG,294.83,396.79,NA,NA
Hot Rod,AUG,6988.65,7595.47,NA,NA
Copperhead,AUG,1626.68,2295.66,NA,NA
Radiation Hazard,AUG,11.03,32.24,53.44,204.78
Condemned,AUG,1.47,14.52,379.65,6087.29
Navy Murano,AUG,2.92,24.10,NA,NA
Sweeper,AUG,0.60,1.76,8.42,30.50
Daedalus,AUG,20.91,47.34,NA,NA
Contractor,AUG,0.60,2.63,92.66,52286.40
Storm,AUG,0.60,4.64,115.32,2189.05
Colony,AUG,10.74,177.19,9.00,195.78
Containment Breach,AWP,785.45,5719.84,1844.54,22197.02
Wildfire,AWP,729.68,2926.58,1748.10,8298.43
Neo-Noir,AWP,788.65,1441.07,1822.47,3650.46
Oni Taiji,AWP,1812.59,6215.98,3551.69,17850.86
Hyper Beast,AWP,490.91,2178.30,1277.53,6532.31
Man-o'-war,AWP,542.61,585.02,1368.74,1550.29
Asiimov,AWP,1336.20,2294.79,3011.98,5808.43
Lightning Strike,AWP,6646.47,6919.23,15250.20,NA
The Prince,AWP,33405.20,51995.92,NA,NA
Gungnir,AWP,55162.15,122001.60,NA,NA
Medusa,AWP,37762.40,66810.11,NA,NA
Dragon Lore,AWP,52286.40,124557.82,Price,NA
Mortis,AWP,85.11,189.68,232.96,653.58
Fever Dream,AWP,136.81,277.40,369.49,917.33
Elite Build,AWP,115.90,459.53,375.30,1869.52
Corticera,AWP,232.96,626.56,580.37,1965.38
Redline,AWP,596.93,1064.31,1400.40,2867.61
Electric Hive,AWP,436.59,831.64,1007.38,2132.99
Graphite,AWP,2713.37,2906.25,11959.64,13626.12
BOOM,AWP,972.81,6114.89,2348.82,12153.97
Atheris,AWP,60.41,323.30,175.74,919.07
PAW,AWP,48.21,135.36,153.95,436.30
Phobos,AWP,42.70,101.66,124.90,303.84
Worm God,AWP,42.41,69.42,123.45,209.72
Pink DDPAT,AWP,429.91,2218.39,980.95,2645.69
Pit Viper,AWP,18.30,28.46,3114.23,9495.21
Capillary,AWP,12.20,84.52,56.64,456.05
Acheron,AWP,39.21,157.14,710.51,5888.02
Snake Camo,AWP,1518.62,5228.64,NA,NA
Sun in Leo,AWP,113.57,273.92,NA,NA
Safari Mesh,AWP,2.34,65.06,1587.18,5809.30
Commemoration,FAMAS,286.41,543.77,720.39,1680.42
Roll Cage,FAMAS,97.89,638.76,214.08,4066.72
Eye of Athena,FAMAS,87.72,292.22,211.46,987.05
Mecha Industries,FAMAS,68.26,175.15,142.33,548.71
Djinn,FAMAS,54.61,207.11,106.89,713.99
Afterimage,FAMAS,329.40,835.71,317.20,872.89
Valence,FAMAS,43.28,167.02,82.78,573.69
Neural Net,FAMAS,17.71,56.93,51.99,157.14
Sergeant,FAMAS,21.78,92.08,40.08,194.91
Pulse,FAMAS,99.05,202.75,157.14,306.45
Styx,FAMAS,64.77,202.75,232.96,1919.78
Spitfire,FAMAS,99.34,2067.63,NA,NA
Decommissioned,FAMAS,2.05,13.65,11.32,66.81
Crypsis,FAMAS,3.21,11.32,10.74,40.95
Macabre,FAMAS,18.88,38.63,43.57,97.89
Survivor Z,FAMAS,7.26,20.62,25.85,66.81
Hexane,FAMAS,36.01,53.44,55.77,190.26
Doomkitty,FAMAS,38.05,43.28,68.26,74.94
Sundown,FAMAS,212.34,280.60,NA,NA
Teardown,FAMAS,6.10,17.13,334.34,3926.99
Cyanospatter,FAMAS,1.47,28.46,392.14,1570.91
Night Borre,FAMAS,7.26,10.16,NA,NA
Colony,FAMAS,0.60,4.93,128.39,3926.99
Contrast Spray,FAMAS,37.76,782.84,NA,NA
The Executioner,G3SG1,54.31,630.34,99.05,5105.47
Flux,G3SG1,114.73,439.20,322.72,3659.75
Scavenger,G3SG1,12.20,34.56,25.85,90.92
High Seas,G3SG1,11.03,51.99,23.52,181.84
Stinger,G3SG1,10.74,33.40,21.20,94.11
Chronos,G3SG1,3340.52,5809.60,NA,NA
Black Sand,G3SG1,5.80,17.42,11.03,45.89
Hunter,G3SG1,2.05,6.97,5.22,27.59
Ventilator,G3SG1,2.05,5.80,5.51,24.40
Orange Crash,G3SG1,2.05,6.97,6.97,25.56
Murky,G3SG1,10.16,12.20,24.69,45.89
Azure Zebra,G3SG1,18.30,20.91,57.51,72.03
Demeter,G3SG1,74.36,341.60,97.31,642.54
Violet Murano,G3SG1,142.91,161.21,NA,NA
Green Apple,G3SG1,1.76,2.92,NA,NA
VariCamo,G3SG1,1.47,2.92,164.41,892.35
Arctic Camo,G3SG1,58.67,1937.50,NA,NA
Orange Kimono,G3SG1,15.39,38.34,NA,NA
Contractor,G3SG1,13.36,119.38,NA,NA
Jungle Dashed,G3SG1,0.60,2.92,40.08,6076.84
Polar Camo,G3SG1,0.60,5.80,7.26,342.18
Safari Mesh,G3SG1,9.00,175.74,2.92,79.01
Desert Storm,G3SG1,0.60,3.21,3.21,167.60
Chatterbox,Galil+AR,158.60,1173.24,376.17,7280.88
Sugar Rush,Galil+AR,322.72,1066.64,980.95,3278.64
Eco,Galil+AR,68.26,522.57,141.75,1792.84
Connexion,Galil+AR,34.85,107.18,98.18,394.47
Signal,Galil+AR,13.94,33.98,36.01,104.57
Crimson Tsunami,Galil+AR,14.52,38.92,35.43,120.83
Firefight,Galil+AR,10.45,66.81,29.91,238.77
Stone Cold,Galil+AR,25.27,166.15,67.39,497.88
Orange DDPAT,Galil+AR,150.17,1255.16,248.65,5333.50
Cerberus,Galil+AR,145.24,1046.59,305.58,11428.06
Akoben,Galil+AR,2.92,11.03,9.87,43.57
Black Sand,Galil+AR,2.63,13.94,10.16,73.78
Rocket Pop,Galil+AR,6.97,158.31,19.17,423.51
Kami,Galil+AR,10.45,53.44,25.27,120.25
Player Two,M4A1-S,405.21,3502.60,956.26,12693.97
Mecha Industries,M4A1-S,248.06,951.32,675.65,3413.14
Chantico's Fire,M4A1-S,300.93,2739.51,848.49,10239.42
Golden Coil,M4A1-S,308.19,1360.89,835.71,6656.05
Hyper Beast,M4A1-S,238.19,2049.33,621.62,7327.93
Cyrex,M4A1-S,217.27,441.52,616.39,1602.57
Nightmare,M4A1-S,105.73,603.61,294.25,2100.46
Leaded Glass,M4A1-S,89.46,248.65,227.44,750.01
Decimator,M4A1-S,123.45,358.16,301.80,1215.07
Atomic Alloy,M4A1-S,159.47,601.29,346.54,1846.58
Guardian,M4A1-S,256.49,351.48,659.68,1333.01
Control Panel,M4A1-S,186.19,741.88,2263.42,42729.31
Howl,M4A4,48858.15,107332.36,Price,NA
The Emperor,M4A4,447.92,4406.00,1139.26,17908.38
Neo-Noir,M4A4,325.04,2432.18,789.52,7829.30
Buzz Kill,M4A4,306.16,906.00,783.71,2885.04
The Battlestar,M4A4,202.46,471.44,546.39,1897.70
Royal Paladin,M4A4,302.38,3726.27,1060.25,25204.95
Bullet Rain,M4A4,366.00,1084.94,1007.96,3755.90
Desert-Strike,M4A4,169.64,289.89,392.14,1190.96
Asiimov,M4A4,1333.01,3413.14,3569.70,15092.46
X-Ray,M4A4,303.26,501.07,982.11,1988.04
Tooth Fairy,M4A4,367.45,1100.91,1065.77,3126.72
Hellfire,M4A4,444.14,1277.24,1238.02,4424.59
Desolate Space,M4A4,259.68,929.24,594.90,3050.04
龍王 (Dragon King),M4A4,262.01,784.29,603.61,2235.24
Poseidon,M4A4,22093.32,34967.69,NA,NA
Evil Daimyo,M4A4,100.50,241.09,232.96,648.93
Griffin,M4A4,125.19,298.61,304.42,830.19
Zirka,M4A4,362.51,806.37,972.52,2732.54
Daybreak,M4A4,2003.15,2877.49,NA,NA
Modern Hunter,M4A4,341.60,6945.66,NA,NA
Magnesium,M4A4,4.35,60.12,47.63,290.77
Faded Zebra,M4A4,35.43,397.66,114.73,966.42
Converter,M4A4,48.21,85.69,220.47,544.94
Radiation Hazard,M4A4,327.95,6830.05,614.94,2923.68
Dark Blossom,M4A4,30.50,41.82,NA,NA
Mainframe,M4A4,2.63,6.97,109.22,212.92
Urban DDPAT,M4A4,2.92,140.59,134.78,4906.49
Tornado,M4A4,53.44,770.64,135.07,2159.71
Desert Storm,M4A4,228.02,742.17,NA,NA
Jungle Tiger,M4A4,74.07,1125.02,NA,NA
Bloodsport,SCAR-20,61.00,182.42,115.90,555.68
Cardiac,SCAR-20,82.49,307.61,229.18,2225.94
Cyrex,SCAR-20,204.49,450.82,539.42,1717.60
Splash Jam,SCAR-20,115.90,15665.00,NA,NA
Enforcer,SCAR-20,13.36,72.03,35.72,197.81
Powercore,SCAR-20,10.16,36.89,20.91,98.76
Emerald,SCAR-20,259.68,478.71,NA,NA
Torn,SCAR-20,6.10,14.23,12.20,40.95
Assault,SCAR-20,2.05,5.80,5.51,21.20
Jungle Slipstream,SCAR-20,2.05,6.10,4.93,20.62
Blueprint,SCAR-20,2.05,6.68,5.51,26.72
Outbreak,SCAR-20,3.21,13.94,9.87,45.89
Green Marine,SCAR-20,2.34,22.07,7.55,38.63
Grotto,SCAR-20,4.06,10.16,11.03,33.69
Crimson Web,SCAR-20,30.79,246.03,48.51,1452.40
Brass,SCAR-20,354.09,501.36,NA,NA
Carbon Fiber,SCAR-20,4.06,4.64,53.44,56.64
Palm,SCAR-20,220.76,770.35,NA,NA
Stone Mosaico,SCAR-20,3.21,22.65,NA,NA
Army Sheen,SCAR-20,9.00,34.56,NA,NA
Storm,SCAR-20,15.10,74.94,6.68,183.58
Contractor,SCAR-20,0.60,2.05,56.06,105.73
Sand Mesh,SCAR-20,0.60,4.35,4.35,55.48
Colony IV,SG+553,75.23,717.19,149.30,2757.81
Cyrex,SG+553,86.85,488.29,179.51,2016.51
Integrale,SG+553,871.14,6698.75,4378.11,29048.00
Darkwing,SG+553,14.23,93.82,47.63,538.25
Phantom,SG+553,10.74,33.69,28.17,124.61
Triarch,SG+553,9.87,45.60,18.59,215.53
Tiger Moth,SG+553,25.56,168.18,75.81,580.37
Pulse,SG+553,27.01,108.63,67.39,275.66
Bulldozer,SG+553,586.18,2128.92,NA,NA
Ol' Rusty,SG+553,4.06,14.23,11.32,55.19
Danger Close,SG+553,1.76,7.84,6.68,51.70
Aloha,SG+553,2.05,6.68,6.68,24.98
Aerial,SG+553,2.34,11.61,10.16,57.51
Atlas,SG+553,2.05,8.42,6.68,48.80
Wave Spray,SG+553,73.78,343.05,95.85,2165.52
Ultraviolet,SG+553,201.88,987.05,164.99,4792.92
Anodized Navy,SG+553,13.36,13.65,3209.22,4008.62
Damascus Steel,SG+553,8.42,33.69,74.65,1761.18
Candy Apple,SG+553,18.00,83.65,NA,NA
Fallout Warning,SG+553,10.16,33.98,37.47,354.38
Traveler,SG+553,77.84,183.00,NA,NA
Gator Mesh,SG+553,66.81,97.02,38.05,126.06
Barricade,SG+553,6.97,10.16,NA,NA
Army Sheen,SG+553,0.60,1.47,NA,NA
Waves Perforated,SG+553,0.60,4.35,140.59,3807.03
Tornado,SG+553,129.55,529.83,NA,NA
Dragonfire,SSG+08,265.49,563.82,828.44,1742.88
Blood in the Water,SSG+08,759.60,1561.33,3470.07,8946.78
Bloodshot,SSG+08,87.43,989.95,237.61,3925.54
Big Iron,SSG+08,137.68,391.56,405.80,2172.49
Fever Dream,SSG+08,22.07,74.65,70.87,260.85
Death's Head,SSG+08,76.68,119.38,186.19,399.11
Ghost Crusader,SSG+08,18.30,119.09,65.93,511.82
Sea Calico,SSG+08,956.84,1299.89,NA,NA
Mainframe 001,SSG+08,8.13,45.31,33.40,211.46
Necropos,SSG+08,7.84,51.99,27.01,201.59
Dark Water,SSG+08,20.04,31.66,38.92,71.45
Abyss,SSG+08,7.84,68.26,25.27,235.28
Slashed,SSG+08,17.13,20.33,33.98,42.11
Orange Filigree,SSG+08,142.91,158.60,NA,NA
Hand Brake,SSG+08,30.50,74.07,86.85,1919.78
Detour,SSG+08,98.47,210.59,136.81,376.75
Stalker,MAC-10,212.92,1522.40,717.19,10262.94
Neon Rider,MAC-10,186.19,341.31,474.93,1093.94
Disco Tech,MAC-10,84.82,645.15,195.20,1746.94
Allure,MAC-10,33.69,148.43,80.17,469.70
Pipe Down,MAC-10,11.03,38.34,24.69,131.00
Last Dive,MAC-10,16.55,34.56,37.76,109.22
Malachite,MAC-10,35.14,61.58,72.62,156.27
Tatter,MAC-10,47.92,80.75,96.72,180.96
Curse,MAC-10,81.62,165.86,170.80,448.21
Heat,MAC-10,25.56,101.37,54.61,249.23
Graven,MAC-10,345.67,592.57,917.04,3189.18
Red Filigree,MAC-10,769.77,981.24,NA,NA
Classic Crate,MAC-10,2.05,6.97,5.22,34.27
Whitefish,MAC-10,3.21,12.49,7.84,52.28
Oceanic,MAC-10,2.05,6.68,5.80,25.85
Aloha,MAC-10,20.04,50.54,42.41,113.86
Carnivore,MAC-10,2.34,10.45,7.55,42.41
Lapis Gator,MAC-10,4.06,10.16,10.16,47.92
Rangeen,MAC-10,5.51,14.23,18.30,54.02
Ultraviolet,MAC-10,11.90,233.83,25.85,934.18
Copper Borre,MAC-10,402.60,511.24,NA,NA
Fade,MAC-10,252.71,432.81,NA,NA
Nuclear Garden,MAC-10,80.75,152.79,94.69,790.68
Amber Fade,MAC-10,185.03,328.53,167.02,428.16
Calf Skin,MAC-10,4.64,20.33,18.00,235.28
Commuter,MAC-10,64.48,145.24,NA,NA
Silver,MAC-10,2.92,3.21,NA,NA
Candy Apple,MAC-10,3.21,5.22,87.43,211.75
Palm,MAC-10,1.47,7.55,17.71,345.38
Surfwood,MAC-10,2.92,4.93,NA,NA
Indigo,MAC-10,15.39,81.62,18.88,523.44
Tornado,MAC-10,15.68,185.32,NA,NA
Urban DDPAT,MAC-10,18.59,196.94,4.35,128.10
Phosphor,MP5-SD,88.88,251.26,170.22,779.35
Kitbash,MP5-SD,34.27,130.13,84.52,377.33
Agent,MP5-SD,10.16,62.16,23.23,306.16
Gauss,MP5-SD,9.87,35.72,20.62,97.89
Bloodsport,MP7,83.36,221.05,187.35,639.05
Nemesis,MP7,124.32,242.84,265.49,745.95
Neon Ply,MP7,13.36,85.69,34.56,260.56
Powercore,MP7,10.74,51.70,24.98,157.73
Impire,MP7,24.40,58.38,73.49,191.13
Special Delivery,MP7,25.56,77.26,49.09,257.94
Ocean Foam,MP7,65.06,72.03,171.38,189.39
Fade,MP7,242.84,397.66,660.55,1594.15
Mischief,MP7,2.92,10.45,8.13,39.21
Akoben,MP7,2.05,6.10,4.93,21.49
Cirrus,MP7,4.06,18.88,9.87,74.36
Armor Core,MP7,2.92,6.10,6.97,22.07
Urban Hazard,MP7,2.05,6.68,6.68,21.78
Skulls,MP7,205.65,208.27,190.84,193.75
Teal Blossom,MP7,220.47,295.99,NA,NA
Full Stop,MP7,94.40,175.15,NA,NA
Anodized Navy,MP7,14.81,15.39,1170.34,NA
Whiteout,MP7,76.68,9955.04,NA,NA
Motherboard,MP7,2.34,6.68,17.42,51.41
Gunsmoke,MP7,12.49,103.70,8.71,307.32
Orange Peel,MP7,67.68,130.13,12.20,590.54
Scorched,MP7,7.26,47.63,NA,NA
Asterion,MP7,21.78,28.75,NA,NA
Olive Plaid,MP7,15.97,229.47,NA,NA
Forest DDPAT,MP7,0.60,2.05,NA,NA
Army Recon,MP7,0.60,2.34,43.86,171.09
Groundwater,MP7,14.52,182.42,NA,NA
Hydra,MP9,75.81,287.28,176.32,1196.77
Airlock,MP9,52.57,230.35,91.50,725.32
Wild Lily,MP9,6098.91,12326.80,NA,NA
Goo,MP9,11.03,33.69,25.27,102.24
Ruby Poison Dart,MP9,19.17,55.48,58.09,197.81
Rose Iron,MP9,157.73,242.84,250.68,490.91
Hypnotic,MP9,167.02,207.98,422.64,471.15
Stained Glass,MP9,748.56,959.74,NA,NA
Bulldozer,MP9,569.05,11038.24,NA,NA
Modest Threat,MP9,2.05,7.55,7.84,43.28
Capillary,MP9,3.21,10.45,9.00,49.38
Black Sand,MP9,2.05,6.97,4.93,35.14
Sand Scale,MP9,2.92,8.13,8.42,23.81
Bioleak,MP9,4.93,14.23,15.39,56.93
Deadly Poison,MP9,4.06,44.15,11.90,145.82
Dart,MP9,9.00,16.84,20.04,123.45
Pandora's Box,MP9,819.73,955.96,NA,NA
Setting Sun,MP9,43.57,118.80,83.36,2015.05
Dark Age,MP9,1025.39,1491.32,238.48,293.09
Hot Rod,MP9,542.90,543.77,980.66,1009.12
Orange Peel,MP9,1.47,11.32,314.88,1366.12
Slide,MP9,0.60,4.93,4.06,90.04
Storm,MP9,2.05,76.97,4.06,155.11
Green Plaid,MP9,13.65,47.92,NA,NA
Sand Dashed,MP9,0.60,4.06,4.64,189.68
Dry Season,MP9,14.52,235.57,NA,NA
Judgement of Anubis,PP-Bizon,169.34,332.01,392.14,1423.06
High Roller,PP-Bizon,67.39,255.91,123.74,813.34
Embargo,PP-Bizon,13.36,81.62,28.75,217.27
Fuel Rod,PP-Bizon,25.56,94.69,55.48,334.05
Blue Streak,PP-Bizon,18.88,154.53,36.60,626.85
Osiris,PP-Bizon,14.23,34.27,34.85,98.76
Antique,PP-Bizon,52.57,77.55,113.57,198.97
Runic,PP-Bizon,4.06,27.59,10.74,120.25
Night Riot,PP-Bizon,2.05,6.68,5.22,22.36
Jungle Slipstream,PP-Bizon,2.05,5.80,5.80,21.49
Harvester,PP-Bizon,2.92,9.87,5.51,38.34
Photic Zone,PP-Bizon,2.92,44.73,10.74,136.81
Water Sigil,PP-Bizon,17.42,23.23,51.99,67.97
Cobalt Halftone,PP-Bizon,11.32,47.34,20.04,105.15
Brass,PP-Bizon,8.42,34.56,51.70,873.47
Rust Coat,PP-Bizon,82.78,251.26,NA,NA
Modern Hunter,PP-Bizon,123.45,3071.82,NA,NA
Candy Apple,PP-Bizon,5.22,7.84,11.61,56.93
Chemical Green,PP-Bizon,9.87,37.47,12.20,227.15
Night Ops,PP-Bizon,1.47,2.63,205.07,1024.52
Carbon Fiber,PP-Bizon,143.49,187.65,9.29,10.45
Seabird,PP-Bizon,2.92,5.22,NA,NA
Facility Sketch,PP-Bizon,0.60,1.47,7.26,58.67
Bamboo Print,PP-Bizon,16.55,50.83,NA,NA
Sand Dashed,PP-Bizon,0.60,2.63,49.96,95.85
Urban Dashed,PP-Bizon,0.60,3.21,5.51,113.57
Forest Leaves,PP-Bizon,13.65,228.60,NA,NA
Irradiated Alert,PP-Bizon,15.68,181.55,9.29,323.30
Asiimov,P90,162.95,1055.60,464.18,4961.68
Death by Kitty,P90,1083.49,1632.78,3078.79,6681.04
Nostalgia,P90,75.81,288.15,174.86,634.69
Shallow Grave,P90,54.31,223.08,112.12,622.20
Shapewood,P90,57.80,320.98,157.73,1374.26
Trigon,P90,144.94,205.95,265.78,472.32
Cold Blooded,P90,746.24,809.56,1595.60,NA
Emerald Dragon,P90,1934.01,10928.14,3911.60,39254.59
Death Grip,P90,66.81,201.01,137.10,615.23
Chopper,P90,16.84,49.96,49.38,176.32
Virus,P90,17.71,80.75,38.92,409.86
Blind Spot,P90,72.32,115.90,183.00,224.83
Astral Jörmungandr,P90,1823.05,2076.64,NA,NA
Freight,P90,3.21,18.00,11.90,88.59
Off World,P90,2.92,11.03,9.00,40.95
Traction,P90,2.63,20.62,9.29,83.36
Grim,P90,4.35,31.66,15.68,111.83
Elite Build,P90,4.35,44.73,11.90,218.73
Module,P90,14.23,23.52,40.08,75.81
Desert Warfare,P90,34.85,212.63,49.96,214.08
Baroque Red,P90,140.59,175.15,NA,NA
Facility Negative,P90,8.42,20.04,74.65,279.73
Teardown,P90,5.22,15.10,516.18,37981.71
Glacier Mesh,P90,75.23,348.57,28.17,3688.22
Sunset Lily,P90,29.33,35.43,NA,NA
Leather,P90,69.42,162.37,NA,NA
Ash Wood,P90,2.92,4.64,21.78,85.98
Fallout Warning,P90,87.14,970.49,52.28,6556.42
Storm,P90,15.10,62.74,8.71,348.86
Scorched,P90,10.45,175.15,6.68,136.81
Sand Spray,P90,0.60,4.35,6.68,144.94
Momentum,UMP-45,100.79,232.96,203.62,750.89
Primal Saber,UMP-45,54.02,216.40,147.85,888.86
Plastique,UMP-45,11.03,37.47,22.36,132.16
Moonrise,UMP-45,10.74,36.01,21.49,94.11
Arctic Wolf,UMP-45,10.74,40.08,21.20,129.26
Exposure,UMP-45,10.74,33.40,21.78,90.33
Scaffold,UMP-45,14.23,43.57,29.91,128.10
Justice,MAG-7,63.90,464.47,155.11,1476.50
Cinquedea,MAG-7,5507.21,8957.82,NA,NA
Monster Call,MAG-7,33.40,178.06,84.82,639.05
SWAG-7,MAG-7,9.87,42.70,20.62,145.53
Petroglyph,MAG-7,10.45,33.98,21.49,93.53
Praetorian,MAG-7,22.65,55.48,77.26,187.06
Heat,MAG-7,10.45,73.49,30.79,284.67
Core Breach,MAG-7,14.81,78.13,131.00,4032.15
Bulldozer,MAG-7,56.64,2539.37,114.15,830.48
Popdog,MAG-7,2.05,6.68,5.51,24.69
Hard Water,MAG-7,21.20,36.01,48.80,170.80
Sonar,MAG-7,3.21,7.84,7.84,23.23
Cobalt Core,MAG-7,4.06,13.94,8.71,41.53
Firestarter,MAG-7,9.29,75.52,22.65,332.89
Heaven Guard,MAG-7,4.06,9.87,8.71,27.59
Memento,MAG-7,39.21,63.32,71.45,205.07
Counter Terrace,MAG-7,875.50,1099.46,NA,NA
Hazard,MAG-7,83.36,3173.78,NA,NA
Chainmail,MAG-7,67.68,70.87,NA,NA
Silver,MAG-7,137.39,150.46,187.06,192.00
Metallic DDPAT,MAG-7,4.35,4.64,56.93,68.26
Rust Coat,MAG-7,0.89,2.34,2.63,21.20
Seabird,MAG-7,6.68,51.41,NA,NA
Storm,MAG-7,2.05,56.64,2.63,51.12
Irradiated Alert,MAG-7,15.10,168.47,7.55,266.37
Sand Dune,MAG-7,8.13,191.13,2.63,112.12
Hyper Beast,Nova,137.68,372.10,367.45,1130.25
Bloomstick,Nova,109.51,1024.52,221.63,628.59
Antique,Nova,161.50,210.30,374.71,682.33
Toy Soldier,Nova,9.87,51.41,23.81,178.06
Wild Six,Nova,10.74,37.47,20.33,98.47
Gila,Nova,13.36,31.66,22.65,93.82
Koi,Nova,15.97,33.40,45.02,96.72
Rising Skull,Nova,57.80,93.53,128.68,262.59
Graphite,Nova,101.66,114.73,262.30,286.41
Baroque Orange,Nova,610.00,2187.89,NA,NA
Plume,Nova,5.80,15.68,10.16,56.64
Wood Fired,Nova,2.05,6.10,5.80,20.91
Exo,Nova,3.21,7.55,7.55,24.40
Ranger,Nova,5.80,21.20,10.16,47.92
Ghost Camo,Nova,16.84,28.46,50.25,95.27
Tempest,Nova,83.36,207.98,112.70,580.37
Modern Hunter,Nova,125.77,2630.58,NA,NA
Blaze Orange,Nova,108.34,2555.64,NA,NA
Green Apple,Nova,112.41,116.77,31.66,85.40
Caged Steel,Nova,1.76,2.92,NA,NA
Candy Apple,Nova,1.76,3.21,603.61,2323.84
Mandrel,Nova,0.60,1.47,3.21,16.84
Moon in Libra,Nova,21.49,31.66,NA,NA
Sand Dune,Nova,0.60,2.63,35.14,3926.99
Polar Mesh,Nova,0.60,3.21,3.21,76.68
Predator,Nova,0.60,4.06,3.21,74.07
Forest Leaves,Nova,19.17,342.47,NA,NA
Walnut,Nova,9.00,216.40,7.84,273.05
The Kraken,Sawed-Off,144.07,311.97,400.86,1157.27
Devourer,Sawed-Off,88.88,288.73,168.18,924.59
Wasteland Princess,Sawed-Off,56.64,186.19,101.95,564.98
Apocalypto,Sawed-Off,13.65,72.32,31.95,216.40
Limelight,Sawed-Off,14.23,56.93,29.33,151.63
Serenity,Sawed-Off,30.50,55.77,72.62,152.21
Highwayman,Sawed-Off,11.03,49.96,25.85,277.98
Orange DDPAT,Sawed-Off,152.50,700.05,267.24,3237.98
Black Sand,Sawed-Off,2.05,6.68,4.93,27.59
Morris,Sawed-Off,2.05,7.26,4.93,27.88
Zander,Sawed-Off,2.05,9.29,5.22,21.49
Fubar,Sawed-Off,2.05,4.64,4.93,23.52
Yorick,Sawed-Off,2.63,15.97,7.55,62.16
Origami,Sawed-Off,2.63,7.55,6.97,23.52
Brake Light,Sawed-Off,53.73,55.19,37.18,75.23
First Class,Sawed-Off,471.15,573.11,NA,NA
Full Stop,Sawed-Off,5.22,14.81,522.86,16789.74
Amber Fade,Sawed-Off,5.80,15.10,21.78,65.93
Copper,Sawed-Off,1707.73,2047.59,NA,NA
Rust Coat,Sawed-Off,110.38,141.75,12.20,74.36
Snake Camo,Sawed-Off,1.47,5.80,6.97,567.01
Mosaico,Sawed-Off,34.85,440.94,NA,NA
Jungle Thicket,Sawed-Off,2.92,4.93,NA,NA
Bamboo Shadow,Sawed-Off,16.55,34.85,NA,NA
Sage Spray,Sawed-Off,2.05,65.35,2.63,50.25
Forest DDPAT,Sawed-Off,0.60,2.05,NA,NA
Irradiated Alert,Sawed-Off,15.39,165.28,6.10,239.06
Entombed,XM1014,364.84,706.73,639.92,1911.64
Incinegator,XM1014,51.12,341.60,104.28,1276.07
Tranquility,XM1014,99.34,397.37,283.79,2037.71
Ziggy,XM1014,10.74,37.18,21.49,91.79
Seasons,XM1014,17.13,35.14,42.11,116.19
Black Tie,XM1014,10.45,63.90,27.01,259.68
Teclu Burner,XM1014,27.01,85.98,58.96,255.62
Heaven Guard,XM1014,48.21,98.76,107.47,355.54
Oxide Blaze,XM1014,2.05,6.10,4.93,21.20
Slipstream,XM1014,2.05,6.97,6.10,23.81
Scumbria,XM1014,2.34,17.42,7.26,75.23
Quicksilver,XM1014,4.93,8.71,9.87,28.46
Red Python,XM1014,16.84,32.24,29.33,67.68
Frost Borre,XM1014,392.43,471.44,NA,NA
Bone Machine,XM1014,45.60,110.09,74.36,571.95
Red Leather,XM1014,377.62,581.83,NA,NA
VariCamo Blue,XM1014,98.47,406.67,34.27,70.87
Blaze Orange,XM1014,111.25,2322.67,NA,NA
Banana Leaf,XM1014,30.20,34.27,NA,NA
Blue Steel,XM1014,1.18,5.51,461.86,2053.11
CaliCamo,XM1014,1.47,2.63,141.17,1099.46
Fallout Warning,XM1014,97.89,1648.76,43.86,3409.36
Blue Spruce,XM1014,0.60,4.35,91.79,188.23
Jungle,XM1014,15.10,347.99,NA,NA
Grassland,XM1014,14.81,217.86,NA,NA
Urban Perforated,XM1014,19.17,145.53,2.63,56.06
Aztec,M249,10.74,33.40,20.62,108.05
Emerald Poison Dart,M249,16.55,35.72,34.85,107.76
Nebula Crusader,M249,23.23,113.57,42.70,334.05
Warbird,M249,5.80,18.88,11.61,53.44
Spectre,M249,2.92,9.87,8.71,33.40
System Lock,M249,4.06,20.04,9.87,54.61
Magma,M249,11.32,23.52,15.39,47.63
Shipping Forecast,M249,104.86,135.07,NA,NA
Gator Mesh,M249,1.47,2.63,257.36,3039.00
Blizzard Marbleized,M249,50.83,7466.20,NA,NA
Jungle,M249,2.92,54.90,NA,NA
Impact Drill,M249,6.97,58.96,NA,NA
Contrast Spray,M249,2.34,47.05,2.92,48.51
Jungle DDPAT,M249,14.23,105.73,NA,NA
Mjölnir,Negev,16699.11,20117.77,NA,NA
Lionfish,Negev,11.03,36.01,20.91,101.66
Power Loader,Negev,25.85,244.87,84.82,896.13
Loudmouth,Negev,11.61,144.07,27.88,435.72
Ultralight,Negev,4.06,16.55,9.29,72.32
Prototype,Negev,2.05,7.84,5.51,31.08
Dazzle,Negev,2.05,6.97,5.51,40.37
Man-o'-war,Negev,2.92,4.06,11.61,14.81
Bratatat,Negev,13.65,110.09,32.53,639.92
Desert-Strike,Negev,2.05,6.10,5.51,20.91
Terrain,Negev,4.06,8.71,8.42,26.72
Anodized Navy,Negev,6488.45,10087.49,NA,NA
Bulkhead,Negev,2.63,7.55,43.28,184.74
Nuclear Waste,Negev,14.52,22.65,30.20,68.26
CaliCamo,Negev,58.67,100.21,24.69,83.36
Palm,Negev,33.69,441.82,NA,NA
Boroque Sand,Negev,2.92,20.62,NA,NA
Army Sheen,Negev,0.60,1.47,NA,NA
